Technology,Scale,Time (s)
polars,sf10,0.0018145469948649406
duckdb,sf10,0.013279239006806165
dask,sf10,0.043824817999848165
spark,sf10,1.5944137409969699
polars,sf50,0.011583047002204694
duckdb,sf50,0.02189794700825587
dask,sf50,0.07631414500065148
spark,sf50,0.25358006099122576
polars,sf100,0.023310149990720674
duckdb,sf100,0.0281395310012158
dask,sf100,0.11670380299619865
spark,sf100,0.23247678800544236
